Patient_ID,Baseline,Month1,Month3,Month6
1,180,170,155,140
2,175,168,150,138
3,190,182,165,150
4,185,174,160,145
5,170,162,148,135
6,178,170,155,142
7,182,172,158,146
8,188,176,162,148
9,172,165,150,138
10,180,171,156,143
11,177,168,153,141
12,184,174,159,145
13,186,176,162,149
14,179,169,155,142
15,181,171,157,144
16,174,166,151,139
17,189,178,164,150
18,183,173,159,146
19,176,167,153,140
20,187,177,163,149
21,171,163,149,137
22,192,182,168,153
23,184,175,160,146
24,178,169,154,141
25,186,176,162,148
26,173,164,150,138
27,181,171,157,143
28,188,178,164,150
29,177,168,153,141
30,185,175,160,147